"cultura","media_area","desvio_padrao_area","media_temperatura","desvio_padrao_temperatura","media_umidade","desvio_padrao_umidade","media_fertilizante","desvio_padrao_fertilizante","media_herbicida","desvio_padrao_herbicida"
"cafe",493.571674322034,100.170313706365,29.4474576271186,4.23663643147296,51.2406779661017,15.9104077695861,7.32913605084746,2.83093852058812,0.451160593220339,0.17740660198141
"cana-de-acucar",482.076031536585,95.1914241479923,30.0341463414634,4.49920047097801,50.1975609756098,13.3677688453399,8.307152,3.22981378220046,0.47242256097561,0.171271007978007
