"cultura","media_area","desvio_padrao_area","media_fertilizante","desvio_padrao_fertilizante","media_herbicida","desvio_padrao_herbicida"
"cafe",272747.339705977,308866.5,8182.4201911793,9265.995,4091.21009558965,4632.9975
"cana-de-acucar",2966820.8,6618092.50984143,83121.2096,185278.675343746,59313.6256,132374.55585099
